{"cameraMode":{"drawMode":0,"name":"Shaded","section":"Shading Mode"},"sceneLighting":true,"audioPlay":false,"sceneViewState":{"m_AlwaysRefresh":false,"showFog":true,"showSkybox":true,"showFlares":true,"showImageEffects":true,"showParticleSystems":true,"showVisualEffectGraphs":true,"m_FxEnabled":true},"in2DMode":false,"pivot":{"x":9.034636497497559,"y":10.0748291015625,"z":15.938064575195313},"rotation":{"x":-0.020997008308768274,"y":0.011997225694358349,"z":0.0002519611152820289,"w":0.9997098445892334},"size":12.095854759216309,"orthographic":true}